Sample,UTM,Easting,Northing,ALTITUDE,MINTEMP,PRECIPITATION,DISTWATER,ASPECT,SLOPE,DISTFARM,DISTPOUL,DENSITY,VEGTYPE,DIST_URB,autocov1000m
1104,28N,365384,3134564,55,14.2,277.8283,349.646629,E,4.93,1276.027037,1276.027037,0.814,Shrub,77.347778,0
1105,28N,365385,3134565,52,14.2,277.7438,350.779155,E,4.876,1277.297537,1277.297537,0.814,Shrub,78.761011,0
1106,28N,365464,3134550,46,14.2,269.6461,427.287631,E,4.842,1331.896767,1347.727346,0.814,Shrub,102.801197,0
1107,28N,366308,3134625,7,14.5,263,743.260595,E,2.342,2063.620604,2105.131112,0.611,Shrub,42.749726,0.26585794
1108,28N,366328,3134635,7,14.5,263,743.260595,E,2.342,2063.620604,2105.131112,0.611,Shrub,42.749726,0.26585794
1110,28N,366497,3133542,17,14.5,263,731.450224,E,5.083,2000.257233,2013.340011,0.611,Shrub,80.595189,1
1111,28N,366517,3133537,17,14.5,263,731.450224,E,5.083,2000.257233,2013.340011,0.611,Shrub,80.595189,1
1114,28N,361317,3125055,192,13.7,267.681,147.530942,E,8.153,304.868824,304.868824,0.611,Urban,4.115927,0
1116,28N,360984,3122855,86,13.8,259,24.857061,E,6.382,692.301235,1855.157675,0.458,Shrub,58.270532,0
1117,28N,361173,3122839,53,14.2,259,184.156448,E,5.988,586.204742,1834.099506,0.458,Shrub,158.608224,0
1121,28N,358968,3120985,160,13.6,277.9734,110.089527,E,6.662,972.100817,3193.363117,0.967,Shrub,140.012628,0.16399749
1123,28N,359231,3115941,1,14.39,255,924.12337,E,1.37,1674.510674,2275.304155,0.509,Grass,51.726078,0
1127,28N,359482,3114258,7,14.4,254,278.674248,E,2.241,2813.163699,3908.966743,0.509,Shrub,111.610981,0
1132,28N,356227,3111860,19,14.37,255.7339,371.981582,E,5.542,758.18863,3135.592448,0.254,Shrub,149.153307,0
1139,28N,348284,3103519,38,14.2,257,178.289466,E,6.352,1298.816769,1298.816769,0.407,Shrub,162.061487,0
1156,28N,370435,3144245,351,14.5,327.1908,244.846192,E,4.584,453.64744,2401.442274,0.713,Shrub,48.802361,1
1158,28N,370415,3144255,351,14.5,327.1908,244.846192,E,4.584,453.64744,2401.442274,0.713,Shrub,48.802361,1
1159,28N,369516,3146303,565,10.86,464,115.814388,E,6.978,420.86221,1000.017999,0.509,Shrub,33.820376,1
1160,28N,369546,3146315,565,10.86,464,115.814388,E,6.978,420.86221,1000.017999,0.509,Shrub,33.820376,1
1163,28N,368054,3149121,718,8.61,559.0314,1018.496325,E,4.6,1099.172415,1279.678084,0.254,Urban,156.011381,0
1167,28N,369122,3147894,628,9.51,508.7035,150.313969,E,2.525,498.78352,1342.197079,0.407,Urban,58.001774,1
1194,28N,346290,3112495,582,10.6,391.0568,97.099502,E,11.99,840.43917,1287.4199,0.356,Shrub,155.185034,0
1198,28N,349909,3113815,471,11.2,376,366.333278,E,5.943,781.839497,1022.869004,0.407,Shrub,221.578751,1
1205,28N,357541,3121658,345,12.1,324,139.193267,E,5.798,728.829884,3403.086393,0.662,Urban,107.989356,0
1209,28N,359682,3120429,91,14.15,260.9767,30.559943,E,4.453,1085.287519,2974.164084,0.763,Shrub,65.754963,0.29945451
1249,28N,362699,3135491,270,12.2,322,60.73721,E,3.711,526.267042,617.823599,0.407,Urban,42.774041,1
1253,28N,368356,3144626,556,11,455,238.270141,E,4.677,446.305948,1250.496301,0.662,Urban,29.50077,1
1254,28N,368376,3144634,556,11,455,238.270141,E,4.677,446.305948,1250.496301,0.662,Urban,29.50077,1
1259,28N,321049,3141718,15,13.6,315,475.895422,E,4.726,1188.724105,12219.12096,0.356,Grass,281.983114,0
1274,28N,347261,3109381,314,12.44,329.5959,270.339458,E,6.666,638.78948,1376.061408,0.763,Shrub,139.621813,0
1288,28N,355548,3118138,337,12.3,325.506,88.269141,E,4.481,539.400593,1399.258732,0.458,Shrub,22.913077,0
1296,28N,358671,3123287,369,12.39,347,53.095469,E,4.073,237.5984,1825.912374,0.611,Urban,149.592961,1
1299,28N,359520,3124978,431,11.9,378,38.863477,E,9.356,240.16869,735.356376,0.56,Shrub,13.331827,0
1306,28N,362507,3128523,390,11.6,337,18.699123,E,9.293,1500.748146,1500.748146,0.356,Urban,46.986402,1
1363,28N,315432,3136808,757,8.7,490,620.631254,E,5.33,599.920828,17409.36449,0.305,Urban,18.121657,0
1384,28N,337767,3142276,73,13,374,142.888126,E,5.988,831.77521,831.77521,0.203,Urban,79.286553,0
1404,28N,371565,3144932,289,12.5,262,198.685447,E,12.693,1144.24167,2601.614883,0.56,Shrub,92.409921,1
1405,28N,372999,3145255,120,13.3,261,709.182325,E,5.16,1021.798903,3062.522652,0.254,Shrub,126.431044,0
1442,28N,345963,3107640,315,12.3,321,169.669718,E,8.541,457.558739,739.924996,0.509,Shrub,131.264092,0
1443,28N,359955,3119244,17,14.4,260,288.803627,E,5.45,547.858558,2286.359989,0.458,Urban,50.887537,0
1449,28N,351345,3109708,164,13.6,280.1262,251.644173,E,6.844,636.496661,3586.201332,0.611,Shrub,204.57953,1
1460,28N,361830,3131433,240,12.17,360,103.84335,E,9.054,363.166628,363.166628,0.662,Urban,42.627508,0
1468,28N,365936,3138433,37,14.32,266,75.318075,E,6.491,831.17086,1278.405647,0.407,Shrub,111.644591,1
1470,28N,366922,3140430,21,14.24,266,613.353233,E,5.177,963.872398,3206.546428,0.407,Grass,82.838889,1
1482,28N,365984,3140073,105,13.8,267,251.155524,E,14.644,359.254784,2337.807733,0.458,Urban,57.80436,1
1483,28N,366159,3140452,103,13.84,272.2864,456.694342,E,9.27,323.834834,2751.230451,0.458,Urban,5.511267,0
1310,28N,332707,3105854,209,13.2,299,153.11536,N,11.071,1459.301887,1459.301887,0.763,Shrub,136.234023,0.72643998
1331,28N,371569,3161113,23,13,336,235.149295,N,12.986,666.589078,5281.702093,0.101,Grass,108.493987,0
1341,28N,337196,3121781,2037,1.7,487,3153.512842,N,4.481,7027.272586,7027.272586,0.305,Shrub,250.778759,0
1342,28N,338445,3121446,2026,2.35,486,1932.199847,N,8.787,6483.443683,6483.443683,0.254,Shrub,251.421559,0
1385,28N,345471,3142025,194,12.4,381,523.392413,N,4.791,498.049194,1764.308929,0.203,Urban,29.251519,0
1386,28N,346272,3142732,111,12.8,358,632.590225,N,7.761,95.131487,2151.734184,0.356,Urban,37.37427,0
1394,28N,350156,3144196,84,13.13,345.8342,1159.255578,N,1.617,1643.036822,4208.111215,0.152,Urban,25.10242,0
1399,28N,349922,3141473,293,12.1,453.0366,403.678055,N,4.661,340.124977,2499.33291,0.152,Urban,14.258619,0
1463,28N,364961,3133412,92,13.96,290,166.217316,N,2.209,503.75887,503.75887,0.916,Shrub,114.607657,0
1473,28N,350103,3131632,2250,1.22,486,5208.893634,N,5.943,2596.09707,6279.934792,0.509,Shrub,1622.783016,0
1333,28N,384178,3161465,82,10.67,482,277.570036,N,34.788,393.634348,14589.4941,0.101,Shrub,244.161251,0
1343,28N,339558,3121695,2026,1.2,492,795.2366,N,11.266,6734.506366,6734.506366,0.356,Shrub,723.398882,0
1387,28N,365069,3157449,97,12.9,353,101.081205,N,5.029,124.454811,1156.202836,0.152,Urban,47.80219,0
1391,28N,356573,3148818,65,10.6,482,604.527944,N,20.069,1309.168438,2403.081563,0.101,Shrub,31.181233,0
1398,28N,348365,3141746,219,12.2,391,373.589463,N,5.899,396.547601,1191.79906,0.254,Urban,41.940741,0
1471,28N,349384,3132143,2224,1.2,487.4241,4581.251927,N,8.004,1830.331663,5689.168744,0.305,Shrub,1905.802013,0
1472,28N,349404,3132155,2224,1.2,487.4241,4581.251927,N,8.004,1830.331663,5689.168744,0.305,Shrub,1905.802013,0
1109,28N,366451,3133811,3,14.5,263,638.538022,NE,2.502,1960.190041,1981.226387,0.611,Shrub,118.022132,0
1125,28N,359489,3114764,22,14.3,256,222.562212,NE,1.518,2838.038935,3443.34866,0.509,Shrub,50.052341,0
1126,28N,359509,3114774,22,14.3,256,222.562212,NE,1.518,2838.038935,3443.34866,0.509,Shrub,50.052341,0
1142,28N,353992,3112888,170,13.3,292,598.587611,NE,2.3,676.533073,676.533073,0.458,Shrub,409.843289,0
1164,28N,367543,3149472,738,8.9,567,754.447855,NE,5.874,753.197185,1618.446786,0.203,Urban,33.611037,0
1165,28N,367563,3149485,738,8.9,567,754.447855,NE,5.874,753.197185,1618.446786,0.203,Urban,33.611037,0
1166,28N,369739,3150830,629,9.5,531.0081,246.495913,NE,5.233,281.001779,2680.610751,0.203,Grass,17.825038,0
1186,28N,334055,3104906,159,12.41,293.1353,640.279474,NE,8.728,1648.362217,1648.362217,0.509,Urban,157.071041,1
1226,28N,334622,3104271,134,13.7,285.3135,604.775281,NE,6.968,1257.478826,1257.478826,0.509,Shrub,88.61685,0
1257,28N,325504,3139738,38,11.4,449,841.143186,NE,13.462,2001.031733,7416.332786,0.101,Urban,45.27265,0
1258,28N,322024,3140799,3,13.7,315,688.893435,NE,3.274,1073.007455,11042.35324,0.203,Grass,319.053621,0
1265,28N,350691,3144306,43,13.06,337.574,1683.161589,NE,7.317,1570.339135,4446.113133,0.152,Urban,56.374645,0
1283,28N,353536,3116191,428,12.1,355,162.095072,NE,14.56,105.546198,1619.082456,0.56,Shrub,141.832359,0
1332,28N,373515,3160390,609,11.59,550,1895.478247,NE,7.975,1969.083035,5439.077127,0.101,Shrub,123.247955,0
1383,28N,336393,3141048,257,12.2,406,89.373869,NE,10.43,792.030933,1894.692059,0.254,Shrub,70.997687,0
1395,28N,348734,3142674,176,12.8,359,82.34508,NE,11.885,258.55947,2133.005391,0.254,Shrub,144.5057,0
1397,28N,343926,3141849,156,12.5,373,2076.195946,NE,7.333,117.515956,862.777491,0.203,Urban,22.737753,0
1422,28N,335514,3122018,2045,2.1,489.1256,3520.808652,NE,15.331,7565.561512,7842.447895,0.203,Shrub,365.521875,0
1423,28N,337448,3121704,2033,1.9,487,2902.296719,NE,3.529,6892.333204,6892.333204,0.305,Shrub,511.757423,0
1183,28N,320875,3120408,30,13.9,300.5983,383.885782,NW,2.952,890.261197,10576.84887,0.56,Shrub,98.318806,0
1184,28N,323644,3115931,64,13.6,316,37.131325,NW,8.582,1247.570438,6815.00066,0.356,Shrub,80.153873,0
1211,28N,337547,3105716,267,12.5,329,288.345402,NW,2.051,619.000807,959.056307,0.458,Urban,93.182946,0
1260,28N,318906,3141390,32,12.9,315,224.80912,NW,6.364,1554.236146,14213.72534,0.509,Shrub,75.03397,0
1261,28N,317049,3139350,66,12.5,345.8434,1271.295723,NW,6.31,815.701538,15764.54265,0.407,Urban,20.25289,0
1262,28N,319128,3138163,315,9.94,451,256.06877,NW,11.547,555.672565,13650.60955,0.509,Urban,40.314168,0
1311,28N,332076,3106314,142,13.69,309.6239,391.786692,NW,5.248,995.720844,1926.879601,0.814,Shrub,292.323831,1
1315,28N,331989,3107330,185,13.36,316,30.605598,NW,7.341,454.828539,2144.698113,0.814,Shrub,121.897171,1
1316,28N,331787,3108665,243,12.9,344,540.939854,NW,11.533,779.030808,3050.400793,0.611,Shrub,261.709649,0
1330,28N,325220,3117758,298,12.33,379,59.431855,NW,5.314,1222.604187,5547.440581,0.865,Shrub,186.326543,0
1336,28N,326048,3120455,550,11.42,446,100.422199,NW,10.849,321.076314,6316.356703,0.611,Shrub,69.930458,0
1354,28N,324923,3122827,606,10.6,437,51.801086,NW,10.224,265.437374,8840.856576,0.662,Urban,66.648713,0
1364,28N,315012,3136492,732,9.4,493,856.725156,NW,7.112,302.803566,17856.9526,0.305,Urban,36.527454,0
1377,28N,346715,3131638,2070,2.2,489,3029.589839,NW,8.749,3060.881572,6114.085459,0.152,Shrub,420.33357,0
1379,28N,317861,3140069,52,13.1,336,203.313883,NW,4.385,1003.805758,15022.47044,0.56,Urban,50.987072,0
1380,28N,318141,3140581,54,13.1,336,33.544294,NW,8.581,1469.642133,14814.90094,0.56,Urban,34.926696,0
1381,28N,319867,3140437,116,12.91,326,31.081545,NW,6.712,641.264376,13087.96951,0.56,Urban,23.57458,0
1388,28N,363938,3157540,62,12.8,326.6821,96.572273,NW,3.906,775.48243,1736.987334,0.152,Urban,11.663135,0
1389,28N,363958,3157555,62,12.8,326.6821,96.572273,NW,3.906,775.48243,1736.987334,0.152,Urban,11.663135,0
1390,28N,361822,3155479,145,12.4,386,74.928879,NW,10.746,682.493223,682.493223,0.05,Urban,67.714885,0
1392,28N,355091,3146351,234,11.81,440,175.062678,NW,7.44,584.054791,1343.721697,0.152,Urban,83.817945,0
1393,28N,354043,3145804,238,11.7,430.723,137.884235,NW,6.955,561.003565,2467.858383,0.152,Forest,73.297706,0
1396,28N,345267,3142218,173,12.4,381,714.607763,NW,5.395,468.624583,1985.680991,0.203,Urban,46.574259,0
1400,28N,384932,3161943,172,9.9,519,97.436602,NW,14.986,1267.206376,15471.77514,0.101,Shrub,85.599169,0
1402,28N,382572,3152984,5,14.5,262,315.858751,NW,0.227,1766.428317,12025.67241,0.101,Rock,105.71672,0
1480,28N,351558,3129760,2193,1.8,490,3119.995386,NW,7.501,3772.765696,8069.937422,0.458,Shrub,1368.591235,0
1103,28N,334526,3099143,37,14.2,263,0,S,0.82,1399.224428,1399.224428,0.407,Urban,107.841385,0
1112,28N,364691,3131607,65,14.4,263,71.198053,S,10.355,921.912143,1977.861976,0.611,Shrub,5.864903,0
1119,28N,359673,3120293,83,14.39,261.4326,144.736087,S,10.373,1194.10971,2855.053239,0.763,Shrub,72.209884,0.04304548
1120,28N,358890,3120846,134,13.6,272.8642,62.682616,S,8.954,1133.194599,3033.408149,0.763,Shrub,130.972726,0.23807296
1122,28N,358870,3120856,134,13.6,272.8642,62.682616,S,8.954,1133.194599,3033.408149,0.763,Shrub,130.972726,0.23807296
1128,28N,358525,3116437,35,14.1,265,86.151957,S,6.754,1079.800907,1537.080674,0.611,Shrub,205.684427,0.29822007
1131,28N,356472,3112946,81,14,263,170.906692,S,2.088,714.548808,3116.555309,0.407,Shrub,98.421718,0
1138,28N,348157,3103604,47,14.16,257,30.049064,S,1.957,1315.129271,1315.129271,0.407,Urban,39.557023,1
1140,28N,347024,3104459,76,13.71,271,516.319192,S,1.327,911.653442,2036.606245,0.509,Grass,69.462646,0
1141,28N,346874,3105618,141,13.6,278,300.306848,S,4.683,675.562728,1818.366849,0.356,Shrub,34.983369,1
1149,28N,343390,3104378,140,13.6,287.8378,244.157863,S,6.288,572.496288,1706.168807,0.611,Shrub,18.751515,1
1150,28N,346595,3102159,9,14.3,254,180.744824,S,1.479,3221.530847,3441.043155,0.407,Shrub,177.084181,0
1151,28N,346615,3102179,9,14.3,254,180.744824,S,1.479,3221.530847,3441.043155,0.407,Shrub,177.084181,0
1174,28N,333090,3101275,81,14,271,763.961777,S,16.008,2149.408523,3106.212645,0.356,Shrub,287.704865,0.28421456
1175,28N,333814,3101211,43,14,271,200.402573,S,3.666,2139.824759,2463.621115,0.458,Shrub,134.648577,0.42409955
1187,28N,334458,3106465,271,12.31,339,1.802427,S,5.073,478.167334,478.167334,0.916,Shrub,96.632634,1
1188,28N,336087,3107715,361,12.29,344,186.469595,S,4.018,670.964976,858.058273,0.509,Urban,60.870511,0.30973302
1189,28N,336107,3107735,361,12.29,344,186.469595,S,4.018,670.964976,858.058273,0.509,Urban,60.870511,0.30973302
1190,28N,337037,3107520,335,12.2,351,33.539295,S,4.205,413.63994,413.63994,0.407,Urban,54.216251,0
1193,28N,340402,3111798,974,8.8,470.1238,114.077965,S,4.42,956.732982,2663.186061,0.101,Urban,172.412146,0
1199,28N,351605,3115436,502,11.09,374.1694,258.078484,S,5.147,983.671184,2347.725707,0.458,Shrub,133.930838,0
1200,28N,351625,3115447,502,11.09,374.1694,258.078484,S,5.147,983.671184,2347.725707,0.458,Shrub,133.930838,0
1212,28N,344449,3109678,531,11,395,64.185795,S,2.645,775.800232,2110.890807,0.458,Shrub,36.790216,0
1213,28N,348625,3106576,158,13.5,286,525.353847,S,3.879,1557.216105,1557.216105,0.254,Shrub,176.481329,0
1230,28N,326924,3114687,333,12.8,379.8757,285.436167,S,7.799,428.621044,3748.497565,0.916,Shrub,23.240803,0.37495175
1235,28N,329050,3117551,807,9.4,477.0238,75.944161,S,31.825,322.769267,2144.754065,0.305,Grass,9.95581,0
1238,28N,336769,3106553,280,12.5,332,38.142985,S,4.105,490.734143,742.919914,0.509,Shrub,105.685499,0
1239,28N,336286,3108102,421,12.2,358.9456,70.292274,S,10.494,515.288268,515.288268,0.407,Shrub,28.128306,0.18633467
1240,28N,342013,3104293,140,13.49,283.4314,147.593564,S,4.319,884.699383,2861.001572,0.814,Urban,72.095784,1
1241,28N,342997,3104154,133,13.7,276.7553,516.245641,S,3.752,469.243007,2140.716001,0.611,Shrub,179.266192,0.31280508
1242,28N,343892,3106824,301,12.6,321.4493,194.459868,S,4.98,738.393526,1346.05349,0.56,Urban,1.670132,0
1244,28N,349455,3113186,461,11.6,374,26.537428,S,7.602,733.411207,1305.379638,0.356,Shrub,27.553275,1
1246,28N,351921,3110904,192,13.3,297,303.000954,S,5.058,696.970587,2614.423072,0.458,Shrub,328.965584,0
1266,28N,337421,3103776,138,13.5,286,127.780118,S,5.448,885.124285,1887.509735,0.458,Shrub,95.933078,0
1269,28N,341800,3102990,99,13.7,269,173.977551,S,2.367,1933.155968,3810.354314,0.56,Shrub,38.752539,0.54860493
1272,28N,342511,3110232,610,11,412,316.202275,S,12.935,297.356688,297.356688,0.356,Shrub,260.457182,0
1276,28N,352871,3111276,129,13.4,283.9357,116.783737,S,13.108,924.899994,1919.592665,0.56,Shrub,122.071926,1
1277,28N,352272,3112235,215,13.1,296,57.098735,S,6.271,900.14721,1410.861438,0.458,Shrub,118.712476,0
1287,28N,357411,3116069,140,13.4,274,43.840007,S,7.839,1814.830019,1967.119976,0.662,Shrub,53.18592,0
1289,28N,354788,3120015,480,11.7,360.4762,136.803934,S,15.077,603.97682,2186.691793,0.458,Shrub,269.780826,0
1297,28N,358758,3125139,536,11.4,398.8249,15,S,11.162,682.000733,682.000733,0.356,Shrub,102.237094,0.30299156
1301,28N,361156,3123766,119,13.73,271.1453,244.418386,S,7.534,535.404519,931.399484,0.611,Shrub,39.729473,0
1305,28N,361347,3127525,421,11.3,339.9317,10.621322,S,10.671,1749.527078,2292.48446,0.56,Urban,29.007903,1
1308,28N,333803,3106538,277,12.7,328,93.298208,S,4.661,185.607111,185.607111,0.916,Shrub,52.709348,0.58743954
1309,28N,333566,3107446,375,12.07,357,37.845543,S,5.466,690.136218,987.690741,0.611,Shrub,97.122409,0.41187435
1319,28N,327938,3110497,81,14,285,293.334788,S,7.569,1961.636306,2310.101729,0.763,Shrub,181.297742,0.5
1346,28N,340169,3124025,2162,1.99,489,2258.579147,S,1.852,9117.336507,9117.336507,0.356,Shrub,756.300144,0
1347,28N,340493,3125610,2251,1.4,489.029,3356.029554,S,4.271,10607.77243,10731.62178,0.356,Shrub,840.959285,0
1348,28N,342102,3126738,2338,1.28,488,2184.999302,S,6.762,9019.942627,11439.18616,0.305,Shrub,1203.821503,0
1352,28N,324506,3120490,333,12,393,131.852519,S,17.052,171.863317,7496.355447,0.916,Shrub,29.505853,0
1356,28N,323141,3124213,514,11.28,438,10.332178,S,12.047,82.097503,11049.65904,0.713,Urban,121.231309,0
1374,28N,323493,3122794,424,11.5,423.6167,52.242373,S,8.789,896.403926,9776.745675,0.916,Shrub,71.092358,0
1427,28N,338363,3104482,197,12.9,304,359.075859,S,3.54,1226.634827,2355.03397,0.407,Shrub,21.85542,0
1430,28N,340861,3102795,98,13.8,276,589.923347,S,3.531,1435.392629,4648.766933,0.611,Shrub,444.27904,0.2830384
1432,28N,342540,3103264,82,13.9,268,83.255751,S,4.073,1378.613796,3104.657791,0.56,Shrub,443.336579,0.44639058
1434,28N,340065,3106236,237,12.89,327.2986,55.801134,S,3.625,1070.004205,2600.156341,0.509,Urban,7.285972,0
1436,28N,340912,3107999,463,12,348.9209,221.503183,S,8.863,1073.99162,2449.516891,0.407,Urban,5.688233,0
1440,28N,345880,3105643,142,13.4,286,432.389043,S,3.161,364.265013,1344.000372,0.407,Shrub,259.736228,1
1446,28N,356353,3121173,446,11.9,368.8775,113.921681,S,8.809,1121.543579,2491.172414,0.509,Urban,212.966844,0
1447,28N,356303,3119256,303,12.6,325.7474,54.362211,S,7.141,814.002456,2240.200437,0.611,Shrub,139.102203,0
1448,28N,351946,3108950,107,13.8,275.5774,225.916278,S,3.437,1409.051099,4294.362932,0.458,Shrub,128.121058,0
1450,28N,348540,3109434,252,12.75,320,317.793492,S,6.509,804.114419,1392.431326,0.662,Shrub,153.07184,0
1457,28N,363656,3131732,131,13.9,283,36.000868,S,3.004,187.608635,1838.114523,0.713,Urban,43.473709,0.33219214
1458,28N,362722,3131910,161,12.4,307,55.253428,S,4.365,442.764045,910.167566,0.662,Urban,83.556609,0
1459,28N,362742,3131930,161,12.4,307,55.253428,S,4.365,442.764045,910.167566,0.662,Urban,83.556609,0
1484,28N,367449,3141135,189,14.5,265,278.117394,S,16.06,523.153897,4081.320619,0.407,Shrub,68.703366,0.77092645
1485,28N,368244,3142938,275,14.49,266,215.750549,S,18.336,1049.693764,2933.974267,0.56,Shrub,170.60354,0
1488,28N,334211,3107572,394,12.18,344,143.047413,S,6.039,276.920566,1043.115525,0.662,Shrub,33.485575,0
1101,28N,335589,3099408,19,14.2,257,252.84375,SE,2.751,389.477855,389.477855,0.407,Grass,113.960466,0
1102,28N,335599,3099416,19,14.2,257,252.84375,SE,2.751,389.477855,389.477855,0.407,Grass,113.960466,0
1113,28N,361675,3125064,153,13.7,259,151.658758,SE,9.927,474.071724,474.071724,0.611,Shrub,95.901454,1
1115,28N,360775,3125908,343,12.4,321,2.893623,SE,8.926,271.280297,727.486082,0.611,Urban,94.510188,0.5
1118,28N,359665,3120372,94,14.26,261.9474,65.490725,SE,5.589,1143.741666,2916.923379,0.763,Shrub,109.913445,0.40706548
1124,28N,359159,3115988,6,14.27,255,838.63252,SE,2.769,1606.12982,2198.998408,0.458,Grass,67.355867,0.83012009
1129,28N,357555,3114169,60,14.1,255,532.937201,SE,3.984,914.597179,3686.006646,0.763,Shrub,122.067307,1
1130,28N,357575,3114189,60,14.1,255,532.937201,SE,3.984,914.597179,3686.006646,0.763,Shrub,122.067307,1
1134,28N,354750,3109830,38,14.4,255.5324,94.661216,SE,3.315,781.158114,3582.251387,0.407,Shrub,268.356188,0
1135,28N,352248,3106825,9,14.4,254,471.586037,SE,2.788,2954.331057,3032.942465,0.203,Shrub,490.43696,0
1136,28N,351120,3107097,71,13.87,266.8415,253.714352,SE,3.589,2314.362979,2314.362979,0.254,Shrub,298.540066,0
1137,28N,351140,3107105,71,13.87,266.8415,253.714352,SE,3.589,2314.362979,2314.362979,0.254,Shrub,298.540066,0
1144,28N,353340,3114471,296,12.6,324.1989,16.069988,SE,2.655,454.96813,1339.164665,0.611,Shrub,123.648572,0
1145,28N,352565,3115660,492,11.3,360,44.972951,SE,5.937,1050.890098,2650.358466,0.458,Urban,86.204654,0.31280659
1146,28N,344231,3105133,187,13.59,285.0562,78.657882,SE,4.997,593.385203,593.385203,0.458,Shrub,100.927052,1
1147,28N,344251,3105145,187,13.59,285.0562,78.657882,SE,4.997,593.385203,593.385203,0.458,Shrub,100.927052,1
1148,28N,344220,3105272,192,13.58,294.9283,119.021125,SE,4.877,486.57579,486.57579,0.458,Shrub,119.419996,0
1152,28N,363491,3134924,179,13.5,306,21.076126,SE,6.381,411.588386,654.574671,0.916,Urban,112.674109,0.47884078
1153,28N,363501,3134934,179,13.5,306,21.076126,SE,6.381,411.588386,654.574671,0.916,Urban,112.674109,0.47884078
1154,28N,363768,3135775,193,13.2,304.9382,105.913552,SE,5.589,229.636669,229.636669,0.814,Shrub,38.848289,0.53202909
1155,28N,363510,3136963,256,13.1,324,80.26485,SE,11.546,26.907248,26.907248,0.458,Urban,8.223111,0
1157,28N,370321,3144218,360,14.5,328.4659,300.378231,SE,5.241,443.541429,2350.886215,0.713,Shrub,48.304104,1
1161,28N,369156,3144206,414,13.92,363.551,638.953383,SE,2.566,302.200264,1724.465424,0.814,Shrub,44.254377,1
1162,28N,369177,3143560,365,13.98,279,742.551116,SE,9.167,724.106345,2352.439159,0.56,Shrub,77.67263,1
1168,28N,369058,3146963,621,9.52,482.8284,183.1178,SE,5.252,267.031833,1196.695449,0.509,Urban,74.382388,1
1169,28N,370363,3143379,225,14.5,264.7253,207.238179,SE,10.116,490.493628,3017.978296,0.662,Urban,38.902835,1
1170,28N,370383,3143383,225,14.5,264.7253,207.238179,SE,10.116,490.493628,3017.978296,0.662,Urban,38.902835,1
1171,28N,333797,3100910,49,14,271,499.191162,SE,1.838,2311.405849,2311.405849,0.458,Shrub,202.362134,0.45316952
1185,28N,335315,3104858,151,13.2,298,796.438871,SE,6.461,1165.242034,1441.66605,0.356,Shrub,273.723309,0.20338817
1192,28N,341565,3109871,665,10.6,400.4049,141.514081,SE,10.35,677.586894,792.80893,0.305,Shrub,49.676685,0
1195,28N,347413,3110013,357,12.3,350,100.727243,SE,3.167,598.681885,748.305418,0.865,Urban,14.742655,0
1196,28N,348218,3110061,329,12.66,341,108.917727,SE,6.412,563.184694,690.057968,0.662,Shrub,75.423855,0.33647009
1197,28N,348696,3111197,388,12.2,347,180.062209,SE,2.626,835.002395,1031.790676,0.763,Shrub,163.638549,0.56464388
1203,28N,355570,3119850,394,12.3,335.7727,262.730971,SE,9.663,601.47901,2699.458093,0.458,Shrub,3.149718,0
1204,28N,356736,3121658,458,11.5,360,84.675535,SE,8.815,1015.429958,2739.403219,0.509,Urban,4.728149,0
1206,28N,359306,3125891,477,11.6,390,59.336204,SE,7.25,344.383507,1488.005376,0.56,Shrub,111.057714,0
1207,28N,362480,3133819,247,12.8,320,31.25139,SE,4.996,719.408785,1106.837838,0.763,Urban,25.929409,0
1208,28N,362500,3133827,247,12.8,320,31.25139,SE,4.996,719.408785,1106.837838,0.763,Urban,25.929409,0
1210,28N,358680,3121489,215,13.5,297,88.118616,SE,6.397,535.142971,3556.160851,0.916,Shrub,123.869229,0
1214,28N,353181,3110340,99,13.92,268,159.479821,SE,3.234,587.799285,2797.796275,0.56,Urban,68.446941,0
1215,28N,330416,3111372,210,12.75,327,285.157962,SE,18.068,205.800874,417.124681,0.509,Shrub,96.550745,0
1245,28N,350738,3111715,290,12.3,314.404,75.972471,SE,10.43,526.15682,1531.144016,0.662,Urban,45.527605,0
1247,28N,352714,3109985,117,13.7,278,342.704962,SE,3.639,1173.470919,3212.820878,0.458,Shrub,157.519451,0.6287518
1248,28N,353461,3109330,62,14.34,262,14.38873,SE,2.952,717.713731,3803.314869,0.458,Shrub,11.892649,0
1250,28N,362423,3137976,524,11.2,384,253.125122,SE,8.866,348.076141,1483.728411,0.101,Shrub,106.785381,0
1251,28N,365651,3139114,96,14.3,266,405.644259,SE,6.19,95.210293,1376.985475,0.407,Urban,31.423904,1
1252,28N,367535,3141382,236,13.86,265.5636,438.998509,SE,12.584,337.379608,4322.906545,0.407,Shrub,87.215916,1
1255,28N,363711,3127150,10,14.4,259,451.170795,SE,7.941,1300.437618,1300.437618,0.407,Rock,30.60033,0
1256,28N,362907,3125735,12,14.4,259.654,384.247565,SE,5.233,1824.681068,1824.681068,0.305,Shrub,9.368049,0
1267,28N,339686,3103451,130,13.41,287.9214,435.795412,SE,3.202,227.299362,3893.274328,0.56,Shrub,126.38118,0
1271,28N,340996,3105123,207,13.1,295,72.756449,SE,6.488,1801.300918,3577.843065,0.56,Shrub,191.747549,1
1273,28N,345725,3111559,571,10.8,376,75.642069,SE,5.899,320.001562,320.001562,0.407,Grass,48.014037,0.39999147
1275,28N,347712,3108350,259,12.8,313,191.923917,SE,5.354,253.268632,875.19255,0.611,Shrub,124.04681,0
1278,28N,351281,3113047,322,12.7,326.1224,35.534767,SE,7.612,416.677333,558.645683,0.509,Shrub,97.273823,0
1280,28N,356689,3113943,94,13.7,267,201.362005,SE,3.458,468.273424,3346.974902,0.509,Shrub,79.886131,0.3434471
1281,28N,355894,3114519,201,13,285.271,195.355307,SE,9.277,663.844108,2483.616717,0.509,Shrub,143.061936,1
1282,28N,354889,3115103,322,12.6,315,189.286553,SE,2.863,1086.029465,1744.775343,0.56,Shrub,187.63992,0
1284,28N,354420,3116154,346,12.1,352,107.731187,SE,11.034,751.487192,912.318475,0.56,Shrub,250.297123,0
1285,28N,355576,3115803,260,12.6,311,499.140801,SE,10.656,1180.238958,1180.238958,0.56,Shrub,99.509055,0
1286,28N,356492,3115973,204,13.1,292,108.298456,SE,4.341,1563.039666,1711.60042,0.509,Shrub,59.793489,0
1290,28N,354472,3120786,653,10.9,417,132.30754,SE,10.68,948.822955,1354.203086,0.356,Shrub,144.795601,0
1292,28N,359979,3121166,78,14.1,260,130.549496,SE,5.598,392.108403,3544.022855,0.916,Shrub,25.606272,0.23097991
1293,28N,360185,3121996,119,14.24,260,94.483138,SE,6.345,439.591856,2707.053379,0.865,Shrub,80.020641,0.65837037
1294,28N,359501,3122397,213,13.36,294,10.165108,SE,6.955,615.552597,2410.19439,0.967,Shrub,19.855835,0
1295,28N,359521,3122408,213,13.36,294,10.165108,SE,6.955,615.552597,2410.19439,0.967,Shrub,19.855835,0
1298,28N,357874,3125551,650,9.2,443.9346,32.701538,SE,6.271,574.913036,574.913036,0.356,Urban,8.872765,0
1300,28N,360468,3124451,266,12.94,287.9033,171.712334,SE,9.56,366.415065,366.415065,0.865,Shrub,288.239866,0
1302,28N,361084,3127048,404,11.9,345,28.352207,SE,10.607,1290.153866,1800.002499,0.56,Urban,47.767959,0.72770814
1303,28N,361625,3126315,237,12.95,262,129.290102,SE,9.259,1182.04653,1197.67483,0.611,Shrub,430.117989,1
1304,28N,361645,3126325,237,12.95,262,129.290102,SE,9.259,1182.04653,1197.67483,0.611,Shrub,430.117989,1
1307,28N,362777,3129241,351,11.6,337,69.304835,SE,9.304,1075.941448,1075.941448,0.356,Urban,61.842654,0
1320,28N,328538,3110476,78,13.9,293,142.145862,SE,2.677,1808.772235,1808.772235,0.763,Urban,97.323442,1
1321,28N,328528,3110490,78,13.9,293,142.145862,SE,2.677,1808.772235,1808.772235,0.763,Urban,97.323442,1
1337,28N,340231,3114829,1283,6.3,489,162.318314,SE,7.416,1256.719936,1256.719936,0.101,Urban,108.328447,1
1338,28N,339438,3115044,1325,6.3,490,67.845441,SE,5.807,457.817649,457.817649,0.101,Urban,24.516224,0
1344,28N,340314,3122649,2115,1,486,875.908109,SE,4.835,7778.547165,7778.547165,0.305,Shrub,361.480539,0
1349,28N,342851,3126949,2332,1.2,487,2225.80226,SE,13.942,8294.640016,11030.81729,0.254,Shrub,432.379084,0
1375,28N,344778,3128007,2287,1.2,487,3128.848955,SE,3.458,6621.427791,9666.682419,0.152,Shrub,1491.679864,0
1376,28N,345957,3129619,2153,1.8,491,4237.737445,SE,4.711,5121.271033,8032.816318,0.152,Shrub,1207.685316,0
1403,28N,371048,3145737,377,11.6,362,90.933784,SE,2.32,752.271892,1707.112767,0.662,Urban,18.057125,1
1425,28N,340423,3126184,2291,1.4,490,3033.842316,SE,4.966,10671.3225,11291.07267,0.254,Shrub,281.804375,0
1428,28N,340178,3104689,175,13.16,299,397.921597,SE,3.891,1539.162434,3331.846485,0.56,Urban,88.161498,0
1437,28N,343171,3109735,536,11.07,399,93.31206,SE,7.658,760,857.35057,0.407,Urban,191.769581,1
1439,28N,345257,3109165,463,11.9,368,185.932321,SE,5.899,1155.831302,2177.221164,0.662,Shrub,71.114572,1
1441,28N,346018,3106537,212,12.8,310,53.878344,SE,2.677,717.382046,1102.249064,0.611,Shrub,42.567644,1
1445,28N,357875,3120450,251,12.73,306.5956,207.519511,SE,7.351,645.523818,2546.607547,0.916,Shrub,282.393121,0
1451,28N,348799,3110334,323,12.58,333.209,174.790778,SE,5.314,108.669222,1012.170934,0.611,Shrub,282.543219,0.58746869
1452,28N,349119,3112239,405,12.1,359,107.109615,SE,9.88,1093.563898,1924.486684,0.458,Shrub,198.769209,0
1453,28N,348104,3111511,456,11.74,347.6207,7.008616,SE,5.815,877.957857,919.167014,0.763,Urban,37.728718,1
1454,28N,345917,3111791,560,10.8,389.2373,56.789943,SE,6.005,561.698317,561.698317,0.56,Urban,20.592303,1
1455,28N,346600,3111334,461,11.53,370,98.030771,SE,3.925,755.765175,1216.182963,0.56,Urban,124.574289,0.47632929
1456,28N,346620,3111344,461,11.53,370,98.030771,SE,3.925,755.765175,1216.182963,0.56,Urban,124.574289,0.47632929
1461,28N,363125,3132509,164,13.28,299,91.329267,SE,3.723,813.517055,1487.953292,0.814,Urban,73.778088,0.36138606
1464,28N,364267,3135676,150,13.7,282,67.866136,SE,4.93,429.130516,429.130516,0.814,Urban,31.802302,0
1465,28N,364818,3136307,113,13.7,280,52.861102,SE,4.216,61.400325,61.400325,0.713,Shrub,41.716844,0
1466,28N,364876,3137521,106,13.7,280,161.328472,SE,8.434,627.376282,627.376282,0.458,Urban,8.437362,0
1467,28N,364984,3138547,149,13.5,269.3032,319.908594,SE,8.363,513.389715,513.389715,0.458,Urban,13.293421,1
1469,28N,366293,3139230,38,14.5,265.0084,299.212235,SE,6.669,591.731357,1943.726575,0.509,Grass,1.143877,0.70625705
1481,28N,351090,3128903,2188,1.76,486,3278.519194,SE,4.136,2887.001558,7442.05704,0.305,Shrub,2325.924294,0
1133,28N,355551,3111191,44,14.4,256,205.956609,SW,7.331,682.683674,2926.359683,0.407,Shrub,131.082819,0
1173,28N,332954,3099709,14,14.2,263,249.477649,SW,0.719,2837.180466,2837.180466,0.407,Shrub,223.942408,1
1176,28N,335450,3101840,49,14,272,322.851554,SW,1.479,910.670632,1602.061172,0.407,Urban,42.400688,0
1177,28N,338679,3099809,27,14.3,265,713.614572,SW,2.618,1156.868618,2888.800443,0.203,Shrub,163.205725,0
1180,28N,328699,3112226,219,13.4,330,366.656271,SW,2.158,730.310892,1506.478011,0.865,Shrub,62.760042,1
1181,28N,328710,3112246,219,13.4,330,366.656271,SW,2.158,730.310892,1506.478011,0.865,Shrub,62.760042,1
1182,28N,325835,3113337,112,13.8,302.4542,105.105866,SW,4.482,1700.04147,4569.510367,0.763,Grass,1.860505,0
1201,28N,359046,3116896,64,14.1,256,193.285291,SW,5.74,732.800109,1391.685668,0.458,Shrub,94.796804,0.28867779
1202,28N,357748,3117965,170,13.2,290,168.990569,SW,7.549,351.863609,351.863609,0.56,Shrub,47.820826,0
1216,28N,329603,3112238,249,13.3,339,215.496229,SW,5.453,349.292141,847.171765,0.713,Urban,25.17966,0.5
1217,28N,327908,3114480,413,12.3,373,179.668096,SW,12.917,679.850718,2936.276042,0.763,Shrub,19.825488,1
1218,28N,328831,3115055,665,11.6,440,92.853736,SW,12.424,717.396682,1850.141886,0.458,Shrub,40.108,0
1219,28N,328851,3115078,665,11.6,440,92.853736,SW,12.424,717.396682,1850.141886,0.458,Shrub,40.108,0
1220,28N,326960,3115310,391,12.71,385,166.827006,SW,9.664,632.661837,3554.205537,0.916,Shrub,57.826486,0.42268769
1221,28N,324685,3116834,201,12.9,349,3.928862,SW,4.82,485.050512,5843.721074,0.611,Shrub,16.557216,0
1222,28N,326674,3115360,357,12.48,379.8805,235.858904,SW,13.182,490.731087,3828.276505,0.967,Shrub,4.531401,0.36728182
1223,28N,324903,3115605,213,13.6,331.5902,142.321159,SW,7.968,1489.26324,5565.732386,0.865,Shrub,55.607107,0
1224,28N,323374,3119875,193,13.1,339.8694,173.221025,SW,8.581,1247.14113,8107.324219,0.713,Shrub,63.001028,0
1225,28N,322018,3126636,676,11.3,457,97.758995,SW,9.663,850.889534,13630.23422,0.458,Shrub,87.606684,0
1228,28N,331607,3104881,25,14,277,329.514831,SW,3.089,1804.388539,2909.423482,0.458,Shrub,190.42953,0
1229,28N,328413,3113386,297,12.88,348,179.810012,SW,14.705,550.514304,2477.141901,0.967,Shrub,184.545306,0
1232,28N,325998,3114565,212,13.6,332.3259,133.667706,SW,7.362,584.200308,4666.334964,0.814,Shrub,60.004161,0.53936439
1237,28N,335983,3105068,169,13.2,304,438.133377,SW,5.74,469.707355,1346.435665,0.662,Urban,20.254801,0
1243,28N,343963,3108130,415,12.1,369.3458,33.318787,SW,8.904,721.205241,2455.946457,0.509,Shrub,86.455619,0
1268,28N,338982,3101757,61,13.9,274,56.374861,SW,2.051,1329.061699,3774.484997,0.407,Shrub,52.606902,0
1279,28N,353334,3115955,485,12.1,355,53.961212,SW,8.438,303.842064,1903.785702,0.56,Shrub,70.004492,0
1312,28N,332017,3105883,139,13.8,299,405.488979,SW,7.066,1362.510183,2081.763915,0.763,Shrub,150.920997,1
1313,28N,332413,3103260,27,14,299,451.651804,SW,3.866,200.142449,3156.023605,0.458,Shrub,54.452924,0
1314,28N,330864,3104377,55,14,271,960.972717,SW,17.956,1996.138522,3807.144861,0.458,Shrub,36.993776,0
1317,28N,329256,3109242,79,14,290,254.250768,SW,2.391,2383.428832,2383.428832,0.56,Urban,127.281286,1
1322,28N,328363,3111531,174,13.4,308,475.568147,SW,4.902,1066.810667,1656.290131,0.916,Shrub,121.704952,0.5
1323,28N,328383,3111541,174,13.4,308,475.568147,SW,4.902,1066.810667,1656.290131,0.916,Shrub,121.704952,0.5
1326,28N,326909,3112001,100,13.9,310,211.811568,SW,4.706,938.314446,3150.095395,0.916,Shrub,133.66946,1
1335,28N,327110,3119293,628,10.22,463.6295,13.985239,SW,13.971,939.345516,4743.277558,0.56,Shrub,35.978491,0
1339,28N,337774,3117684,1868,3.9,490,1462.977881,SW,11.312,2957.820312,2957.820312,0.05,Forest,325.234645,0
1345,28N,340274,3123072,2140,1,488,1300.45531,SW,3.812,8189.241051,8189.241051,0.305,Shrub,12.302182,0
1350,28N,325630,3121131,523,11.4,422.2064,71.54015,SW,8.857,857.047256,7094.226525,0.814,Shrub,14.580243,0
1351,28N,324952,3121207,450,12,413.3954,76.436509,SW,9.444,406.964371,7624.406731,0.814,Urban,10.116591,0
1357,28N,322458,3123413,360,11.76,386,13.256738,SW,7.595,421.474791,10952.23457,0.814,Urban,38.976808,0
1358,28N,321830,3123603,282,12.9,383.8309,369.877349,SW,9.474,565.799434,11544.40133,0.814,Urban,46.03459,0.41841754
1359,28N,320731,3123593,147,13.6,338,44.469948,SW,11.437,241.478777,12381.20612,0.509,Urban,18.617415,0
1360,28N,312014,3136867,18,14.1,303,682.1134,SW,4.097,2457.034391,20812.84029,0.305,Shrub,217.319991,0.5
1365,28N,314352,3137442,541,9.75,466,767.376636,SW,16.334,599.920828,18445.59503,0.509,Urban,123.450409,0
1367,28N,322005,3129820,771,9.5,498,18.000027,SW,10.616,298.157676,13705.19292,0.203,Urban,45.386633,0
1368,28N,321467,3125532,424,12,408,103.305448,SW,13.298,505.080191,13152.09748,0.56,Urban,98.264322,1
1370,28N,321708,3124059,312,12.9,389.2411,126.946162,SW,5.12,699.200257,11941.34105,0.611,Urban,34.156914,0.32289476
1382,28N,331904,3140515,152,13,384,85.317545,SW,5.697,1218.517952,2388.640826,0.254,Urban,88.780961,0
1401,28N,384642,3154519,108,14.6,261,1055.426502,SW,25.436,1772.575527,13910.20783,0.203,Shrub,26.062977,0
1406,28N,330722,3105924,35,13.9,279.3929,201.67438,SW,6.116,1063.083251,3326.018189,0.407,Urban,151.915736,0
1407,28N,330737,3106693,109,13.8,295.1404,127.434913,SW,14.046,342.052627,3254.01306,0.509,Urban,84.425623,0
1409,28N,330383,3108461,61,13.31,305,183.569812,SW,3.56,1347.776316,3058.407592,0.509,Urban,61.024476,0
1410,28N,330363,3108480,61,13.31,305,183.569812,SW,3.56,1347.776316,3058.407592,0.509,Urban,61.024476,0
1413,28N,323687,3120583,291,12.2,370,59.174182,SW,8.153,640.007812,8214.206291,0.865,Shrub,79.103236,0
1414,28N,323070,3120691,224,13.04,362,57.982722,SW,6.914,1248.0004,8787.853549,0.865,Shrub,41.422748,0
1415,28N,323659,3121807,358,11.9,395,34.044146,SW,7.806,190.184121,8985.105953,0.865,Urban,75.198414,0
1416,28N,323039,3121502,264,12.6,372,25.542263,SW,7.302,815.576483,9276.80031,0.865,Shrub,87.617075,0
1418,28N,326442,3116359,370,11.65,373,28.630799,SW,6.679,351.069793,4039.420007,0.865,Urban,8.243252,0
1419,28N,327261,3117717,575,10,434,59.086544,SW,7.8,258.627144,3661.4605,0.814,Shrub,57.798121,0
1421,28N,326224,3118252,435,10.89,411.0149,9.170477,SW,13.469,432.112253,4827.872098,0.763,Urban,2.004157,0
1424,28N,340233,3123353,2144,1.29,488,1583.619829,SW,1.547,8460.698848,8460.698848,0.305,Shrub,216.833222,0
1426,28N,340963,3126536,2304,1.1,487.0266,2499.158699,SW,3.553,10143.33772,11719.30211,0.254,Shrub,48.193478,0
1429,28N,340760,3103301,112,13.77,276.235,89.680531,SW,2.399,1243.001609,4442.798329,0.662,Shrub,102.429238,0
1433,28N,343276,3102619,50,13.9,268,126.464178,SW,4.245,2027.305847,3275.076945,0.458,Shrub,74.531571,1
1435,28N,339674,3107415,447,12.06,356.7752,0,SW,12.377,1185.323584,2185.06247,0.356,Urban,29.266583,0
1444,28N,359118,3119505,76,13.92,260,177.415937,SW,7.41,484.608089,1891.810772,0.611,Shrub,78.291218,1
1462,28N,364582,3132711,111,14.1,277.112,98.073647,SW,2.164,868.546486,868.546486,0.916,Urban,16.942642,0
1476,28N,351474,3130942,2230,1.7,488,3696.673059,SW,4.432,3957.08289,7289.890259,0.458,Shrub,454.544203,0
1477,28N,351454,3130962,2230,1.7,488,3696.673059,SW,4.432,3957.08289,7289.890259,0.458,Shrub,454.544203,0
1478,28N,351750,3130355,2195,1.77,488.3339,3161.243657,SW,4.216,4370.668713,7949.523256,0.458,Shrub,764.859208,0
1479,28N,351730,3130340,2195,1.77,488.3339,3161.243657,SW,4.216,4370.668713,7949.523256,0.458,Shrub,764.859208,0
1486,28N,322755,3126686,777,9.8,477.2797,166.604321,SW,7.178,255.154854,13227.13574,0.458,Shrub,210.597981,0
1143,28N,353501,3113740,227,12.9,316,14.899511,W,3.122,296.624341,623.910249,0.458,Urban,20.471256,1
1172,28N,333400,3100370,37,14.2,269,618.841218,W,2.618,2472.351512,2472.351512,0.305,Shrub,376.173332,0.47330331
1178,28N,338230,3100132,26,14.3,265,489.653194,W,2.258,653.701001,2470.142101,0.203,Shrub,238.253988,1
1179,28N,338240,3100145,26,14.3,265,489.653194,W,2.258,653.701001,2470.142101,0.203,Shrub,238.253988,1
1191,28N,338530,3107526,475,11.6,380,408.01237,W,21.974,1080.389281,1080.389281,0.509,Shrub,265.314062,0
1227,28N,332687,3104881,98,13.8,329,243.42317,W,1.799,1520.492683,2118.533691,0.509,Urban,127.964319,1
1231,28N,326664,3115004,350,12.8,378.9835,29.030762,W,11.361,217.589062,3907.291261,0.967,Urban,0,0
1233,28N,327954,3116580,614,10.4,453,491.443633,W,12.734,213.12203,2586.955933,0.763,Shrub,52.722807,0
1234,28N,326805,3118723,534,10.4,445,138.333867,W,10.721,359.562233,4596.763752,0.763,Shrub,123.10125,0
1236,28N,335616,3104686,139,13.2,301.2134,627.563393,W,4.524,986.877905,1249.082863,0.356,Shrub,163.637381,0
1263,28N,318015,3134931,782,10.7,477,806.340397,W,18.027,1001.180303,15140.75593,0.05,Shrub,329.747525,0
1264,28N,320877,3131818,971,8.5,502,1372.450751,W,16.34,1597.062929,13547.93257,0.101,Shrub,95.606087,0
1270,28N,341616,3106593,324,12.1,330,55.120074,W,6.342,799.390392,3070.960924,0.509,Shrub,95.46555,0
1291,28N,359320,3123679,339,12.5,319.853,130.340123,W,6.244,951.892851,1351.480669,0.713,Shrub,239.933307,1
1318,28N,328562,3109365,31,14.1,287,295.527732,W,2.289,2584.777359,2584.777359,0.56,Shrub,179.295352,1
1324,28N,329335,3110282,88,13.8,299,276.410706,W,6.935,1396.918036,1396.918036,0.763,Shrub,333.975886,0.5
1325,28N,327477,3112058,146,13.5,314.0302,170.904212,W,2.303,467.064235,2602.52339,0.916,Grass,74.899742,1
1327,28N,326572,3111094,40,13.9,290.3627,792.313919,W,6.289,1784.253345,3470.827711,0.56,Shrub,159.706737,1
1328,28N,326614,3113212,135,13.5,314.1966,189.685523,W,3.821,1332.081453,3811.163733,0.763,Urban,88.211084,1
1329,28N,323341,3116393,76,13.5,316,142.899689,W,6.337,1100.071361,7132.783818,0.509,Urban,45.400195,0
1334,28N,326093,3119202,460,11.72,425.7892,251.883562,W,7.38,696.419413,5453.602479,0.814,Urban,83.914108,0
1340,28N,335028,3121912,2043,2.8,488.0009,3082.435838,W,8.589,7104.469367,7524.11091,0.203,Shrub,68.998391,0
1353,28N,319746,3122112,5,13.9,298,301.7442,W,1.287,747.047521,12366.7317,0.203,Grass,168.389816,0
1355,28N,324731,3123716,696,10.3,458,99.936307,W,9.19,682.56355,9662.789866,0.611,Urban,30.164098,0
1361,28N,311935,3137615,25,10.9,427,371.538865,W,2.976,2647.719207,20853.9919,0.305,Shrub,264.271243,0
1362,28N,311945,3137620,25,10.9,427,371.538865,W,2.976,2647.719207,20853.9919,0.305,Shrub,264.271243,0
1366,28N,313979,3137577,468,10.9,466,1103.176443,W,13.844,874.524442,18812.59222,0.509,Urban,162.672377,1
1369,28N,320983,3125353,321,13.03,397.2927,278.547602,W,17.881,436.900446,13360.84342,0.56,Urban,127.851579,0
1371,28N,321517,3122035,163,13.9,319.9558,94.126328,W,7.392,187.832372,10825.04342,0.713,Urban,82.756494,0
1372,28N,321340,3122388,169,13.56,344,213.474843,W,13.153,517.757665,11171.852,0.713,Shrub,157.604025,0
1373,28N,322297,3122473,281,12.2,363,52.353301,W,4.661,337.164648,10458.33471,0.814,Urban,10.160075,0.32693363
1378,28N,332517,3125951,2018,2.4,494.2823,3528.814113,W,5.147,8035.085562,10226.22379,0.05,Shrub,975.37153,0
1408,28N,332201,3107568,194,12.95,316,59.5,W,10.976,695.84481,2055.138438,0.814,Shrub,215.724758,0
1411,28N,322134,3118467,3,13.6,304,107.37715,W,6.708,2339.439249,8701.822452,0.458,Urban,114.459562,0
1412,28N,324620,3119910,324,12.4,375,77.929904,W,6.539,741.555796,7064.169944,0.865,Shrub,21.645661,0
1417,28N,327700,3115375,507,11.46,420,311.413412,W,12.825,480.208288,2815.059857,0.916,Shrub,175.218613,0
1420,28N,326015,3117166,365,12.3,395,182.227632,W,10.818,696.646251,4611.611432,0.814,Shrub,175.65311,0
1431,28N,341008,3101958,55,13.9,264,872.993923,W,2.505,2005.333388,5100.846988,0.356,Shrub,136.411549,0
1438,28N,342739,3107836,378,12.1,349,28.254994,W,4.947,901.50097,2180.971572,0.407,Urban,12.831051,0
1474,28N,351471,3131591,2282,1.2,485.3535,4068.914154,W,10.226,3515.575201,6686.979138,0.509,Shrub,295.965525,0
1475,28N,351491,3131600,2282,1.2,485.3535,4068.914154,W,10.226,3515.575201,6686.979138,0.509,Shrub,295.965525,0
1487,28N,322836,3127363,841,9.76,493,106.435297,W,11.479,429.513678,13737.98275,0.254,Shrub,118.006571,0
